trip_id,payment_id,payment_method,payment_status,fare,discount_type,discount_value,final_fare
63657166638,899586,Online,Success,231.7,FLAT5%,11.59,220.12
84996548859,465472,Card,Success,208.35,15OFF,15,193.35
18168427573,641561,Card,Success,328.8,15OFF,15,313.8
34814787531,992194,Card,Success,171,FLAT25%,42.75,128.25
58819534892,758772,Card,Success,287.9,FLAT10%,28.79,259.11
64148137233,314293,Card,Success,224.9,FLAT5%,11.25,213.66
32838789711,576773,Online,Failed,309.4,FLAT25%,77.35,232.05
87964532881,313745,Card,Failed,250.8,15OFF,15,235.8
57646393913,994434,Card,Success,231.9,null,,231.9
34552619955,451467,Card,Success,367.1,20OFF,20,347.1
72775644325,586232,Online,Success,229.1,20OFF,20,209.1
98194821683,924987,Online,Success,288.4,FLAT10%,28.84,259.56
15624766867,533522,Online,Success,154.95,FLAT10%,15.5,139.46
78745368716,564267,Online,Success,295.95,FLAT20%,59.19,236.76
43423354951,322717,Online,Success,243.75,FLAT25%,60.94,182.81
93971898392,434624,Card,Success,388.3,null,,388.3
82489998667,997498,Online,Success,238.9,15OFF,15,223.9
96552417755,715267,Card,Success,182.1,FLAT50%,91.05,91.05
99686123181,876377,Card,Success,397.1,null,,397.1
26429631894,877886,Online,Success,278,FLAT25%,69.5,208.5
27513132852,482828,Online,Failed,289.6,15OFF,15,274.6
18639966454,962985,Online,Success,350.4,15OFF,15,335.4
26986787734,213498,Card,Success,354,null,,354
99327739889,944547,Online,Success,297,FLAT5%,14.85,282.15
59623898789,576588,Card,Success,303.3,15OFF,15,288.3
29763722966,122882,Card,Success,284.55,FLAT10%,28.46,256.1
79853839573,398431,Online,Success,399.5,FLAT5%,19.98,379.53
48579138555,131794,Card,Success,253.3,FLAT20%,50.66,202.64
42347739654,847344,Card,Success,203.1,FLAT10%,20.31,182.79
86842528676,983685,Online,Success,185.25,20OFF,20,165.25
19269764144,241187,Card,Success,200.3,15OFF,15,185.3
19937953962,736492,Card,Success,226.35,FLAT5%,11.32,215.03
37582317967,891727,Card,Success,352.4,20OFF,20,332.4
58834915395,588553,Card,Success,285.4,FLAT5%,14.27,271.13
74113929181,528619,Online,Success,287.3,FLAT50%,143.65,143.65
33744586496,531645,Online,Success,355.6,FLAT50%,177.8,177.8
43847517251,683133,Card,Success,223.2,FLAT5%,11.16,212.04
83359791356,999963,Card,Success,275.85,FLAT20%,55.17,220.68
64137236122,453417,Online,Success,276,FLAT25%,69,207
57379945749,317834,Card,Success,329.8,FLAT25%,82.45,247.35
79431749491,419386,Card,Success,270.7,FLAT25%,67.68,203.03
28595656375,235628,Card,Success,288,15OFF,15,273
37718699289,929454,Online,Success,360.6,20OFF,20,340.6
59878597568,431828,Online,Success,288.9,20OFF,20,268.9
89444344389,949633,Online,Success,257.4,null,,257.4
34175751815,563162,Online,Success,288.75,FLAT25%,72.19,216.56
55342281628,848326,Online,Success,355.8,20OFF,20,335.8
39275976637,511142,Card,Failed,274.2,FLAT5%,13.71,260.49
99515772667,676594,Online,Success,391,FLAT50%,195.5,195.5
66657994379,272999,Online,Success,305.2,FLAT10%,30.52,274.68
93161355774,573737,Card,Success,278.2,15OFF,15,263.2
99276746388,892897,Card,Success,281.4,20OFF,20,261.4
69338819258,287246,Card,Success,232.5,FLAT20%,46.5,186
73653183383,197522,Card,Success,237.6,FLAT50%,118.8,118.8
21784783488,374477,Card,Success,299.8,20OFF,20,279.8
53567214596,185191,Online,Success,276.2,20OFF,20,256.2
24151654869,199761,Online,Success,283.1,FLAT20%,56.62,226.48
65284223598,642539,Online,Success,273,15OFF,15,258
22797133836,883833,Card,Success,295.8,FLAT20%,59.16,236.64
36713341268,945823,Card,Success,231.3,20OFF,20,211.3
97513216212,513553,Online,Success,263.85,FLAT10%,26.39,237.47
47783576883,995465,Card,Success,233.6,FLAT5%,11.68,221.92
13285416688,455695,Online,Success,220.65,15OFF,15,205.65
29642361727,619879,Online,Failed,338.1,20OFF,20,318.1
25921555322,597356,Online,Success,254,FLAT5%,12.7,241.3
63472284751,867241,Card,Success,377.1,FLAT25%,94.28,282.83
68623643837,585317,Card,Success,205,20OFF,20,185
59868877187,312481,Card,Failed,296.55,FLAT25%,74.14,222.41
17517919457,488393,Card,Success,379.6,null,,379.6
48549424842,257879,Online,Success,199.2,FLAT50%,99.6,99.6
13643627257,537693,Card,Success,162.75,FLAT10%,16.28,146.48
83131529698,343526,Online,Success,204.75,20OFF,20,184.75
81631778164,881171,Card,Success,397.3,FLAT25%,99.33,297.98
77259832247,152461,Online,Success,253.8,15OFF,15,238.8
33377354618,516757,Online,Success,286.4,FLAT10%,28.64,257.76
22588825499,784693,Card,Success,205.8,FLAT25%,51.45,154.35
84997798356,525374,Card,Success,343.2,FLAT20%,68.64,274.56
65784929461,516838,Online,Success,378.7,FLAT25%,94.68,284.03
86997625767,211652,Online,Failed,252.75,20OFF,20,232.75
92619945935,843629,Card,Success,234.7,FLAT5%,11.74,222.97
41596893542,795214,Online,Success,249.4,15OFF,15,234.4
37654186711,596382,Online,Success,317.7,FLAT20%,63.54,254.16
67834611793,772966,Card,Success,208.95,20OFF,20,188.95
43465776129,477123,Card,Success,319.3,20OFF,20,299.3
21966686888,942776,Online,Success,204.45,15OFF,15,189.45
64432822987,935921,Online,Success,196.2,FLAT20%,39.24,156.96
66686521641,583684,Online,Failed,212.9,FLAT20%,42.58,170.32
57534258137,339491,Card,Success,241.35,FLAT25%,60.34,181.01
79287262693,789448,Online,Success,291.3,FLAT10%,29.13,262.17
13496288261,431755,Card,Success,374,FLAT20%,74.8,299.2
48279989934,717817,Card,Success,318.8,FLAT5%,15.94,302.86
84818747128,765354,Card,Failed,183.3,FLAT20%,36.66,146.64
92439897126,699495,Online,Success,172.5,FLAT25%,43.13,129.38
91976472431,256856,Online,Failed,377.8,15OFF,15,362.8
15574131685,655647,Card,Success,271.2,15OFF,15,256.2
71761411615,495514,Card,Success,390.8,FLAT50%,195.4,195.4
47223918936,139413,Online,Failed,216.45,FLAT10%,21.65,194.81
52951426827,289449,Card,Success,247.7,FLAT50%,123.85,123.85
17986916393,129858,Online,Success,253.9,FLAT5%,12.7,241.21
52453949381,339841,Online,Success,285.9,20OFF,20,265.9
99254736945,129595,Card,Success,399.9,FLAT10%,39.99,359.91
35314428856,851483,Card,Success,367.7,null,,367.7
35355816414,848321,Card,Success,275.1,null,,275.1
87182731937,235313,Card,Success,227.7,FLAT10%,22.77,204.93
62948328835,426335,Online,Success,240.6,null,,240.6
28213425978,855976,Card,Success,366.1,15OFF,15,351.1
52362677928,127356,Card,Success,247.65,FLAT5%,12.38,235.27
78465147452,975814,Card,Success,324.7,FLAT50%,162.35,162.35
38231213419,254258,Online,Success,263.55,15OFF,15,248.55
56684235661,157336,Online,Success,298.05,FLAT10%,29.81,268.25
53331528136,262389,Card,Success,237.6,FLAT25%,59.4,178.2
31194633615,369698,Card,Success,297.9,FLAT20%,59.58,238.32
67891386836,574464,Card,Success,250.1,FLAT50%,125.05,125.05
12621455321,669468,Card,Success,319.3,FLAT25%,79.83,239.48
41993834573,172997,Online,Success,353.3,FLAT20%,70.66,282.64
51141172944,565694,Online,Success,336.9,FLAT20%,67.38,269.52
21186348645,856343,Card,Success,251.85,15OFF,15,236.85
92239629388,719832,Online,Failed,262.4,20OFF,20,242.4
17271116583,454532,Online,Success,220.5,15OFF,15,205.5
84114757781,669869,Online,Success,310.9,FLAT20%,62.18,248.72
68816251592,268733,Card,Success,224.85,FLAT50%,112.43,112.43
55174241924,971425,Online,Success,204.2,FLAT25%,51.05,153.15
83751891226,163676,Card,Success,326.3,FLAT50%,163.15,163.15
66316187218,214961,Online,Success,288.8,15OFF,15,273.8
94941234446,844198,Card,Success,165.75,FLAT25%,41.44,124.31
39751181633,982591,Online,Success,154.35,FLAT10%,15.44,138.92
79523983262,968623,Card,Success,265.95,FLAT20%,53.19,212.76
32896289394,975621,Online,Success,277,FLAT10%,27.7,249.3
46218282892,366829,Card,Success,337.3,FLAT50%,168.65,168.65
14477824848,812674,Card,Failed,217.8,15OFF,15,202.8
55299359635,234511,Card,Success,353.5,null,,353.5
39594861832,728763,Card,Success,382,FLAT5%,19.1,362.9
36982342949,447434,Card,Success,362.6,15OFF,15,347.6
37617377741,255565,Online,Success,394.5,FLAT5%,19.73,374.78
38665577372,268135,Online,Success,211.5,FLAT25%,52.88,158.63
66857596185,879726,Online,Failed,370.9,15OFF,15,355.9
52433324388,284419,Card,Success,157.95,15OFF,15,142.95
46694664818,538447,Online,Success,272,null,,272
84456142237,132816,Card,Failed,380.5,20OFF,20,360.5
65183484521,711295,Online,Success,288,FLAT10%,28.8,259.2
55246218652,162416,Online,Failed,295.6,20OFF,20,275.6
14739117426,617441,Online,Success,278.7,15OFF,15,263.7
72493269996,517564,Online,Success,334,null,,334
93399225686,331756,Card,Success,284.9,15OFF,15,269.9
49529951135,595563,Online,Success,349.5,FLAT20%,69.9,279.6
22549395932,717119,Card,Success,357.9,null,,357.9
75594183354,795835,Online,Success,246.6,FLAT20%,49.32,197.28
45263878343,922641,Online,Success,202.6,15OFF,15,187.6
14536683358,672116,Card,Success,216.6,FLAT25%,54.15,162.45
93357316874,371543,Online,Success,266.8,FLAT25%,66.7,200.1
37215934919,222297,Card,Success,290.2,FLAT20%,58.04,232.16
78817241615,491822,Card,Success,252.6,15OFF,15,237.6
96278599318,661289,Online,Success,293.7,FLAT5%,14.69,279.02
48465359921,113216,Card,Success,281.1,FLAT25%,70.28,210.83
79265585135,612986,Online,Success,374.8,15OFF,15,359.8
69431452954,271883,Card,Success,347.5,FLAT20%,69.5,278
24589275248,974358,Online,Success,267.75,15OFF,15,252.75
61893922971,973486,Card,Success,374.2,20OFF,20,354.2
96573314226,185941,Online,Success,219.2,null,,219.2
82578563448,871949,Online,Success,218.7,FLAT10%,21.87,196.83
57447785594,298431,Online,Success,297,null,,297
86523197642,892146,Online,Success,314.5,null,,314.5
99671544686,639421,Card,Success,228.3,15OFF,15,213.3
88371434368,364782,Card,Success,378.6,20OFF,20,358.6
11548416134,272975,Card,Success,398,null,,398
49333758612,691934,Card,Success,237.9,null,,237.9
53981476317,327375,Card,Success,212.1,FLAT25%,53.03,159.08
46699181972,566656,Card,Success,258.7,FLAT5%,12.94,245.77
22847715584,485466,Card,Success,257.1,null,,257.1
95462322895,761576,Online,Success,244.7,FLAT25%,61.18,183.53
83995577811,335683,Online,Success,328.8,FLAT5%,16.44,312.36
28684254312,392852,Online,Success,240.2,20OFF,20,220.2
44132684239,464275,Online,Success,157.8,FLAT20%,31.56,126.24
18725744688,645488,Card,Success,258.9,FLAT10%,25.89,233.01
23797186157,257466,Online,Success,242.4,null,,242.4
51492438134,599833,Online,Success,315,20OFF,20,295
75663716623,569951,Card,Success,237.75,FLAT25%,59.44,178.31
65673278188,651468,Card,Success,324.9,FLAT25%,81.23,243.68
87565178633,255719,Online,Success,151.2,FLAT50%,75.6,75.6
53292748743,763169,Card,Success,399.5,20OFF,20,379.5
25198781924,554762,Online,Success,243,FLAT50%,121.5,121.5
71742748618,659954,Online,Success,287.3,null,,287.3
14111722773,445529,Card,Success,292.5,FLAT25%,73.13,219.38
71774628251,167976,Card,Success,221.85,FLAT20%,44.37,177.48
99251455663,411641,Card,Success,300.3,20OFF,20,280.3
78457112817,998644,Online,Success,309.1,FLAT20%,61.82,247.28
52169683395,382427,Card,Success,248.9,FLAT5%,12.45,236.46
97712588118,529967,Online,Success,203.7,FLAT5%,10.19,193.52
59914811689,465832,Card,Success,360.3,FLAT10%,36.03,324.27
65865333716,763231,Card,Success,320.4,null,,320.4
17215668743,178981,Online,Success,399.4,20OFF,20,379.4
58114261485,874362,Card,Success,250.4,FLAT5%,12.52,237.88
37266749688,161224,Online,Failed,243.8,FLAT5%,12.19,231.61
68444512833,195278,Card,Success,244.2,20OFF,20,224.2
44499586532,884156,Card,Success,365.1,FLAT25%,91.28,273.83
14547586274,944715,Card,Success,154.05,15OFF,15,139.05
52574824855,316451,Card,Success,389.3,FLAT25%,97.33,291.98
88454968282,939684,Card,Success,342.4,FLAT25%,85.6,256.8
55968178795,222994,Card,Success,379.2,FLAT25%,94.8,284.4
91831468656,757537,Card,Success,398.6,null,,398.6
52957572238,553577,Card,Success,376,FLAT50%,188,188
98844445462,142535,Online,Success,174.6,FLAT50%,87.3,87.3
18816117653,755459,Online,Success,227,FLAT50%,113.5,113.5
42391956136,325578,Card,Success,290.7,FLAT50%,145.35,145.35
58117915226,676738,Online,Failed,342.2,20OFF,20,322.2
25618543769,574564,Card,Success,206.5,20OFF,20,186.5
61452528457,754148,Online,Success,253.4,15OFF,15,238.4
23912947449,315584,Card,Success,331.5,15OFF,15,316.5
81217858965,142113,Online,Success,353,20OFF,20,333
22145267132,998772,Online,Success,224.1,20OFF,20,204.1
68867636556,372348,Card,Success,245.25,FLAT20%,49.05,196.2
82936987827,735428,Card,Success,362.1,FLAT10%,36.21,325.89
91185143723,797549,Online,Success,350,FLAT50%,175,175
95555752685,926814,Online,Success,344.4,20OFF,20,324.4
68384819145,583515,Online,Success,279,null,,279
85271277577,462747,Card,Success,171.6,FLAT10%,17.16,154.44
61563138242,825345,Online,Failed,382.3,FLAT10%,38.23,344.07
76713226997,255425,Card,Success,267.75,FLAT5%,13.39,254.36
23937651427,537111,Card,Success,226,FLAT50%,113,113
45554649619,274963,Card,Success,397.4,null,,397.4
42676486617,163656,Card,Failed,381.9,15OFF,15,366.9
56528239829,972486,Online,Success,264.1,15OFF,15,249.1
97939172441,949438,Card,Success,247.5,FLAT25%,61.88,185.63
74423736781,171899,Card,Success,399.5,FLAT50%,199.75,199.75
58766376791,598299,Card,Success,229.5,FLAT10%,22.95,206.55
95325355497,937457,Online,Failed,339,20OFF,20,319
54392458458,468197,Online,Success,354.8,FLAT25%,88.7,266.1
79233354991,924257,Online,Success,380.5,FLAT50%,190.25,190.25
36684473479,716253,Card,Success,224.85,null,,224.85
74981912143,154152,Online,Success,244.5,FLAT5%,12.23,232.28
73263868319,256127,Card,Success,327.5,FLAT50%,163.75,163.75
65887395945,588969,Card,Success,241.05,15OFF,15,226.05
67569215996,934215,Card,Success,217.05,FLAT25%,54.26,162.79
61745324185,685352,Card,Success,278.2,20OFF,20,258.2
85715593895,146633,Card,Success,394.2,FLAT20%,78.84,315.36
56673856915,634254,Card,Success,178.5,null,,178.5
89713372785,326118,Card,Success,222.45,null,,222.45
22644112792,759945,Card,Success,312,FLAT10%,31.2,280.8
14476562315,538976,Card,Failed,189.3,15OFF,15,174.3
61566881562,981236,Online,Success,197.55,FLAT50%,98.78,98.78
47614955164,127951,Online,Success,378.6,FLAT20%,75.72,302.88
57341567352,431539,Card,Success,369.5,FLAT10%,36.95,332.55
36996993534,363357,Card,Success,294.5,FLAT5%,14.73,279.78
42954633449,951982,Online,Success,390.4,FLAT20%,78.08,312.32
45196553831,764635,Online,Success,354.7,FLAT5%,17.74,336.97
91382652165,374468,Online,Success,291.4,FLAT50%,145.7,145.7
29623164927,441481,Online,Success,246.1,FLAT20%,49.22,196.88
12126775557,787323,Online,Success,245.7,FLAT10%,24.57,221.13
32544996753,413757,Card,Success,356,FLAT10%,35.6,320.4
99473763114,371648,Online,Failed,399.4,FLAT25%,99.85,299.55
77845192666,754328,Card,Success,359.3,20OFF,20,339.3
75199255484,817753,Online,Success,246.5,FLAT50%,123.25,123.25
26548366916,326722,Card,Success,298.95,null,,298.95
99488573388,568882,Card,Success,207.4,20OFF,20,187.4
82466224285,117465,Card,Success,174.45,FLAT50%,87.23,87.23
85463592556,187484,Online,Success,246.4,FLAT25%,61.6,184.8
23987392667,198682,Card,Success,207.3,FLAT10%,20.73,186.57
27486262575,924245,Online,Success,310.5,FLAT20%,62.1,248.4
68935121588,143244,Online,Success,157.05,FLAT20%,31.41,125.64
73941871299,632229,Online,Success,229.8,FLAT50%,114.9,114.9
47588965673,652835,Card,Success,250.1,20OFF,20,230.1
41994728737,881755,Card,Success,390,20OFF,20,370
58273282273,535818,Card,Success,333.1,15OFF,15,318.1
85398144896,828483,Online,Success,358.6,FLAT20%,71.72,286.88
61676215295,629789,Card,Success,155.55,FLAT50%,77.78,77.78
43633986465,935626,Online,Success,372.3,null,,372.3
17829278633,849791,Card,Success,185.1,FLAT5%,9.26,175.85
18958636825,915645,Card,Success,258.5,FLAT20%,51.7,206.8
19264264787,564552,Card,Success,275.3,FLAT10%,27.53,247.77
85781229979,593627,Online,Failed,177,FLAT20%,35.4,141.6
62782938818,944114,Card,Success,379.7,15OFF,15,364.7
97222962178,885619,Online,Success,295.8,15OFF,15,280.8
18764694429,711999,Online,Success,282.15,null,,282.15
21525462697,465754,Online,Success,277.5,FLAT5%,13.88,263.63
86414647928,624193,Card,Success,257,null,,257
55978268662,862499,Online,Success,368.1,15OFF,15,353.1
45654543825,559398,Online,Success,320.4,FLAT10%,32.04,288.36
74797198769,347615,Online,Success,285.3,null,,285.3
26411638242,169694,Online,Success,220.8,FLAT50%,110.4,110.4
44542783289,122244,Online,Success,164.85,FLAT50%,82.43,82.43
39163318499,991421,Online,Success,296.9,FLAT5%,14.85,282.06
56136652455,814729,Card,Success,340.3,15OFF,15,325.3
21218146251,677311,Online,Success,324.8,null,,324.8
44435843214,179112,Card,Success,222.9,FLAT5%,11.15,211.76
84528828472,212772,Online,Success,214.1,FLAT25%,53.53,160.58
38139832558,881853,Card,Success,213,20OFF,20,193
21796755696,154699,Online,Success,348.7,FLAT50%,174.35,174.35
26711595286,666759,Online,Success,250.6,FLAT20%,50.12,200.48
52564319754,972361,Card,Success,311.5,null,,311.5
17332129846,315293,Online,Success,213.45,FLAT20%,42.69,170.76
71397532774,947846,Card,Success,243.3,FLAT20%,48.66,194.64
84486243425,672155,Card,Failed,337.8,FLAT20%,67.56,270.24
58784468369,447214,Online,Success,354.7,FLAT20%,70.94,283.76
17487336478,811113,Online,Success,208.35,FLAT25%,52.09,156.26
65729683941,821627,Card,Success,294.45,FLAT25%,73.61,220.84
28829613635,898782,Online,Success,286,FLAT20%,57.2,228.8
42812376357,721919,Online,Success,231.3,FLAT20%,46.26,185.04
62819452554,118285,Online,Success,264.6,15OFF,15,249.6
62734615813,436824,Card,Success,256.1,FLAT25%,64.03,192.08
17191623482,946844,Online,Failed,151.8,FLAT25%,37.95,113.85
98866576473,639622,Card,Success,186.6,FLAT20%,37.32,149.28
99284416394,418474,Card,Success,247.7,15OFF,15,232.7
47857392692,146263,Card,Success,170.55,FLAT25%,42.64,127.91
39844333647,256239,Online,Success,357.6,null,,357.6
78323118498,949578,Online,Success,282.9,null,,282.9
28771873369,157248,Card,Success,306.3,20OFF,20,286.3
78451627111,187883,Online,Success,184.5,FLAT25%,46.13,138.38
36461985724,584712,Online,Success,395.7,FLAT20%,79.14,316.56
72667822211,173448,Card,Success,232.5,15OFF,15,217.5
77562439412,894158,Online,Success,282.9,FLAT50%,141.45,141.45
72775339261,596287,Card,Success,391.4,20OFF,20,371.4
33511824678,175774,Card,Success,270.9,FLAT10%,27.09,243.81
47927133895,929147,Online,Failed,282.75,FLAT20%,56.55,226.2
68458889783,735936,Online,Success,304.6,FLAT20%,60.92,243.68
72132182917,219992,Card,Success,349.3,15OFF,15,334.3
45541567693,839234,Online,Success,325.1,FLAT50%,162.55,162.55
45356818665,629512,Card,Success,383.3,FLAT50%,191.65,191.65
96923111135,763111,Online,Failed,202,FLAT25%,50.5,151.5
53397749284,941454,Online,Failed,223.9,null,,223.9
23779358672,341585,Online,Success,221.7,FLAT25%,55.43,166.28
34747548617,179214,Card,Success,358.8,FLAT5%,17.94,340.86
35791126169,255523,Card,Success,273.15,FLAT20%,54.63,218.52
53747398779,559357,Online,Success,241.8,15OFF,15,226.8
69327858969,686132,Online,Success,220.05,FLAT25%,55.01,165.04
23396249582,268572,Online,Success,279.3,20OFF,20,259.3
41942648264,923378,Card,Success,182.55,FLAT10%,18.26,164.3
72695981295,577349,Online,Success,271,15OFF,15,256
62443581373,833229,Card,Success,233.4,FLAT50%,116.7,116.7
94442261148,574946,Online,Success,286.2,FLAT25%,71.55,214.65
75938614611,347869,Card,Success,358.8,null,,358.8
26869848665,692676,Online,Success,229.5,15OFF,15,214.5
44752957764,579396,Online,Success,218.1,FLAT5%,10.91,207.2
39857641387,956682,Card,Success,237.8,null,,237.8
83215485234,747627,Online,Success,285.6,20OFF,20,265.6
37396639739,611546,Online,Success,234,FLAT10%,23.4,210.6
27372664128,316776,Card,Success,367.2,FLAT20%,73.44,293.76
76748996153,911751,Card,Success,343.7,FLAT5%,17.19,326.52
68674443964,963547,Card,Success,386.4,FLAT10%,38.64,347.76
64183827446,455287,Online,Success,357.7,FLAT25%,89.43,268.28
61858353676,483272,Card,Failed,238.35,20OFF,20,218.35
49532385419,476252,Online,Success,283.5,20OFF,20,263.5
12216988731,745962,Online,Success,229.9,FLAT50%,114.95,114.95
21441675571,316595,Online,Failed,280.1,15OFF,15,265.1
26756168876,998919,Online,Success,350.7,FLAT50%,175.35,175.35
46852579256,668837,Online,Success,183.75,15OFF,15,168.75
16829933528,833112,Card,Failed,371.9,FLAT25%,92.98,278.93
26195981835,756223,Online,Success,348.7,FLAT25%,87.18,261.53
37927494485,281919,Card,Success,284.3,FLAT5%,14.22,270.09
15488849459,293198,Online,Success,231.5,15OFF,15,216.5
78734463441,537625,Online,Success,205.5,20OFF,20,185.5
69838715981,981385,Card,Success,372.1,FLAT50%,186.05,186.05
16979117856,582482,Card,Success,226.65,FLAT25%,56.66,169.99
28959568964,142828,Online,Success,237.4,FLAT20%,47.48,189.92
52639537778,727913,Online,Success,297.2,FLAT50%,148.6,148.6
44365962372,666843,Card,Failed,282,FLAT20%,56.4,225.6
95959346693,254132,Online,Success,337.8,FLAT20%,67.56,270.24
64365158826,253646,Online,Success,257.25,FLAT10%,25.73,231.53
67922311522,248215,Online,Success,337.5,FLAT10%,33.75,303.75
22823889427,297767,Online,Success,291.3,FLAT5%,14.57,276.74
54915159949,887424,Card,Failed,391.7,FLAT5%,19.59,372.12
23586197412,764826,Online,Success,288.4,FLAT50%,144.2,144.2
24635634795,368243,Online,Success,199.35,15OFF,15,184.35
95117528514,684356,Online,Success,225.2,FLAT10%,22.52,202.68
38239143681,526371,Online,Success,328.6,FLAT50%,164.3,164.3
72857573554,973215,Card,Success,257.55,FLAT5%,12.88,244.67
21519796831,732136,Card,Success,316.4,null,,316.4
85714513954,992179,Card,Success,330.1,FLAT10%,33.01,297.09
68548761889,893588,Online,Success,276.15,20OFF,20,256.15
14389437638,998444,Online,Success,267.3,FLAT50%,133.65,133.65
31569525843,767929,Online,Success,279.5,FLAT20%,55.9,223.6
12186425636,858681,Card,Success,236.9,15OFF,15,221.9
57866551766,311161,Online,Success,275.6,FLAT20%,55.12,220.48
61421639522,791791,Online,Success,215,20OFF,20,195
34196592987,323492,Card,Success,279.7,FLAT5%,13.99,265.72
78751581444,626534,Card,Success,389.4,15OFF,15,374.4
51962122569,711635,Online,Success,164.4,FLAT5%,8.22,156.18
19348895568,923769,Online,Success,235.2,FLAT20%,47.04,188.16
98744313159,198974,Card,Success,307,FLAT20%,61.4,245.6
43934884151,888547,Card,Success,350.6,FLAT50%,175.3,175.3
52734748837,635582,Card,Success,278.6,20OFF,20,258.6
11611945745,982864,Online,Success,368.6,FLAT10%,36.86,331.74
61173947113,745158,Online,Success,203.3,null,,203.3
72674421772,195549,Online,Success,172.5,FLAT50%,86.25,86.25
73284737774,589239,Card,Success,375.6,FLAT5%,18.78,356.82
51694379656,153514,Card,Success,264.9,FLAT20%,52.98,211.92
16257971297,455755,Card,Success,232.7,15OFF,15,217.7
22386986787,219345,Online,Success,265.35,FLAT5%,13.27,252.08
48188188959,824343,Online,Success,240.3,FLAT10%,24.03,216.27
23759983961,882493,Online,Success,244.65,FLAT5%,12.23,232.42
91991941314,438984,Online,Success,206,FLAT5%,10.3,195.7
55717511895,131716,Online,Success,257.7,15OFF,15,242.7
43831949523,811175,Online,Success,279.1,FLAT5%,13.96,265.15
93952973314,115834,Card,Success,277.5,FLAT50%,138.75,138.75
24411468794,447341,Online,Success,274.8,null,,274.8
93423962934,524171,Online,Success,358.1,FLAT20%,71.62,286.48
87354934154,924378,Card,Success,225.7,FLAT50%,112.85,112.85
77952835455,429881,Online,Failed,343.6,FLAT50%,171.8,171.8
51137846355,787587,Online,Success,228.5,20OFF,20,208.5
87292537873,966623,Card,Success,241,FLAT10%,24.1,216.9
56326349234,399444,Card,Success,271.35,FLAT25%,67.84,203.51
55934772323,916168,Card,Success,343,15OFF,15,328
84728337194,688481,Card,Success,219.9,null,,219.9
68815145349,193722,Online,Failed,358.7,FLAT20%,71.74,286.96
56135455272,238665,Online,Success,372,FLAT10%,37.2,334.8
16271376229,193338,Card,Success,352.6,FLAT5%,17.63,334.97
74646746491,174458,Online,Success,368.6,FLAT50%,184.3,184.3
65277823354,819127,Card,Success,385.8,FLAT20%,77.16,308.64
28755954128,231456,Online,Success,379.7,FLAT20%,75.94,303.76
96337233384,546342,Card,Success,299.9,20OFF,20,279.9
26989828886,568934,Card,Success,275.25,FLAT20%,55.05,220.2
77469679429,157359,Online,Success,396.1,FLAT10%,39.61,356.49
74414588782,838951,Card,Success,150,null,,150
14367355581,811135,Online,Failed,291.4,20OFF,20,271.4
62693799566,156975,Card,Success,267.15,FLAT10%,26.72,240.44
32234769274,593866,Online,Success,393,FLAT20%,78.6,314.4
28774155158,652555,Card,Success,277.7,null,,277.7
24241938952,119214,Card,Success,306,20OFF,20,286
51348222283,241918,Online,Success,338.2,FLAT20%,67.64,270.56
18476322645,843677,Card,Success,322.9,FLAT5%,16.15,306.76
21135846358,252448,Card,Success,213.9,null,,213.9
27747741676,534415,Online,Success,373.7,null,,373.7
39146827963,266672,Card,Success,237.3,FLAT25%,59.33,177.98
52916292336,737957,Online,Success,197.1,null,,197.1
94134257779,834813,Online,Success,177.3,FLAT5%,8.87,168.44
98763413892,132293,Card,Success,269.7,FLAT10%,26.97,242.73
43122158936,526482,Card,Success,155.85,FLAT5%,7.79,148.06
94841147368,966479,Card,Success,193.2,FLAT10%,19.32,173.88
43991263738,175885,Online,Success,389.5,FLAT20%,77.9,311.6
73553952849,279935,Online,Success,314.1,20OFF,20,294.1
69816528337,168978,Card,Failed,215.25,FLAT10%,21.53,193.73
25386354357,477747,Card,Success,265.3,FLAT50%,132.65,132.65
11793396652,717619,Card,Success,355.6,20OFF,20,335.6
36298787852,892577,Card,Success,199.8,15OFF,15,184.8
44992893231,812849,Online,Failed,231,null,,231
57882485571,971328,Card,Failed,312.8,FLAT10%,31.28,281.52
47993792833,548245,Card,Success,243.15,null,,243.15
74835672991,191249,Online,Success,205.65,FLAT50%,102.83,102.83
54629359375,198362,Card,Success,221.85,20OFF,20,201.85
23657619421,658516,Online,Success,381.2,FLAT10%,38.12,343.08
47495782551,472897,Online,Success,255.3,FLAT25%,63.83,191.48
53781311378,127972,Card,Success,251.4,FLAT10%,25.14,226.26
43568175189,229512,Card,Success,285.75,FLAT20%,57.15,228.6
71448757479,518455,Online,Success,173.25,FLAT20%,34.65,138.6
49182171246,767463,Card,Success,332,FLAT25%,83,249
76838167453,956551,Online,Success,293.6,15OFF,15,278.6
21936217471,576582,Card,Success,304.9,FLAT5%,15.25,289.66
28226322762,569381,Online,Failed,322.3,FLAT50%,161.15,161.15
86473958594,395563,Online,Success,253.65,FLAT25%,63.41,190.24
57841633319,547397,Card,Success,220.9,20OFF,20,200.9
48674544717,356322,Card,Success,231.15,FLAT20%,46.23,184.92
48731517457,944911,Card,Success,379.1,20OFF,20,359.1
31427678744,871548,Card,Success,179.55,null,,179.55
77271393191,664423,Online,Success,280.9,null,,280.9
18945375374,377298,Card,Failed,151.5,FLAT20%,30.3,121.2
45683784267,799873,Card,Success,248.6,15OFF,15,233.6
33814342895,183519,Online,Success,359.5,FLAT25%,89.88,269.63
86319156158,685274,Card,Success,280.8,null,,280.8
61185232494,721992,Online,Success,317,FLAT10%,31.7,285.3
62115787493,846514,Online,Success,208.5,15OFF,15,193.5
36458352646,966662,Card,Success,263.4,null,,263.4
74181338145,724161,Online,Success,278,15OFF,15,263
18318449771,713268,Online,Success,333.7,20OFF,20,313.7
32499354416,433273,Online,Success,363,15OFF,15,348
44423194394,752158,Card,Success,202.35,20OFF,20,182.35
32296292299,446398,Card,Success,218.5,15OFF,15,203.5
82594449478,478277,Online,Failed,200.4,20OFF,20,180.4
92664128434,971152,Online,Failed,201,FLAT50%,100.5,100.5
69183691554,132767,Card,Success,231.4,FLAT20%,46.28,185.12
61523749389,843236,Card,Failed,267.6,FLAT5%,13.38,254.22
25875152927,356226,Online,Success,246.9,FLAT25%,61.73,185.18
53421394813,839689,Online,Success,258.6,20OFF,20,238.6
54295538855,936658,Card,Success,345.9,15OFF,15,330.9
31943181187,332312,Card,Success,303.6,FLAT5%,15.18,288.42
25453175634,188622,Online,Success,297.2,FLAT5%,14.86,282.34
48536578514,386353,Card,Success,267.15,FLAT25%,66.79,200.36
86754299592,939791,Online,Success,258.45,FLAT50%,129.23,129.23
24395167242,783931,Online,Success,395.3,20OFF,20,375.3
44675161114,624757,Online,Success,236.6,20OFF,20,216.6
53121498796,785237,Online,Success,189,null,,189
29511381354,187756,Card,Success,312,15OFF,15,297
77147911335,123195,Card,Success,220.05,FLAT25%,55.01,165.04
73928864191,511896,Card,Success,154.35,null,,154.35
45556653632,448771,Card,Success,220.7,FLAT50%,110.35,110.35
25828246795,718112,Online,Success,183.45,15OFF,15,168.45
56526475998,455751,Online,Success,381.8,null,,381.8
96539787482,463179,Online,Success,366,FLAT20%,73.2,292.8
17511662126,174593,Card,Success,195.75,null,,195.75
62195665297,997849,Online,Success,234.15,FLAT5%,11.71,222.44
21336251749,839165,Online,Success,342.6,20OFF,20,322.6
43948449263,221957,Card,Success,399.8,20OFF,20,379.8
95612726855,894725,Card,Success,264.3,null,,264.3
47948224597,557277,Card,Success,337.5,FLAT20%,67.5,270
85214218452,959243,Online,Success,313.4,null,,313.4
21639214996,978189,Online,Success,370.6,FLAT20%,74.12,296.48
72377881987,824156,Online,Success,223.2,FLAT50%,111.6,111.6
22153454539,311594,Card,Success,177.15,null,,177.15
87935381298,393573,Online,Success,346.2,FLAT25%,86.55,259.65
82846463248,418971,Card,Failed,222.6,FLAT20%,44.52,178.08
39148138817,577348,Card,Success,366.1,FLAT20%,73.22,292.88
24737271195,977797,Online,Failed,195.75,FLAT20%,39.15,156.6
29339816669,733858,Card,Success,198.6,15OFF,15,183.6
93151163727,431527,Card,Failed,208.2,FLAT20%,41.64,166.56
54249965266,946712,Card,Success,253.8,null,,253.8
89433392367,737968,Online,Success,369.3,FLAT20%,73.86,295.44
15343485423,424697,Online,Success,281.6,FLAT20%,56.32,225.28
21639621349,522867,Online,Success,377.8,15OFF,15,362.8
98577782363,553789,Card,Success,155.85,15OFF,15,140.85
61447863482,371482,Online,Success,251.7,FLAT20%,50.34,201.36
57419317458,717135,Online,Success,223.1,FLAT5%,11.16,211.95
52477664645,431414,Card,Failed,206.2,20OFF,20,186.2
59442222386,112827,Online,Success,350.7,FLAT25%,87.68,263.03
83271689674,671568,Online,Success,200.6,FLAT10%,20.06,180.54
92933149298,769794,Online,Success,360.2,FLAT25%,90.05,270.15
51834588954,523587,Online,Success,341.6,null,,341.6
54647363596,129176,Online,Failed,313.2,20OFF,20,293.2
41351416883,555428,Card,Success,249.8,FLAT50%,124.9,124.9
56452689675,622627,Card,Success,151.65,FLAT10%,15.17,136.49
57723399233,447859,Card,Success,327,FLAT10%,32.7,294.3
47769871556,462149,Online,Success,382.7,FLAT10%,38.27,344.43
34943848372,178235,Card,Success,372.2,FLAT25%,93.05,279.15
48635347718,475479,Card,Success,399.9,FLAT5%,20,379.91
62752872194,791831,Online,Success,317.7,20OFF,20,297.7
56356129669,464495,Card,Success,396,null,,396
19636648961,532261,Card,Success,238.5,FLAT20%,47.7,190.8
64497727245,467462,Card,Success,245.25,FLAT20%,49.05,196.2
51526828752,483527,Card,Success,211.4,null,,211.4
26773241799,262812,Online,Success,395,FLAT20%,79,316
84937798859,894747,Online,Success,175.5,20OFF,20,155.5
84177912577,532412,Card,Success,391.5,FLAT5%,19.58,371.93
29654823372,146865,Online,Success,252.9,null,,252.9
75877592658,428376,Card,Success,217.95,FLAT50%,108.98,108.98
71649832166,846291,Card,Success,390.9,FLAT5%,19.55,371.36
12571462525,998678,Card,Success,320.4,null,,320.4
15986633918,389611,Card,Failed,171.75,null,,171.75
36352592231,553589,Card,Success,211,FLAT20%,42.2,168.8
92657992322,345381,Card,Success,284.85,FLAT25%,71.21,213.64
32757983346,246424,Card,Success,397.9,15OFF,15,382.9
54877749884,734987,Online,Success,262.7,15OFF,15,247.7
35491362647,726414,Card,Success,215.1,FLAT10%,21.51,193.59
13744413183,423615,Online,Success,346.1,FLAT25%,86.53,259.58
81699953212,587918,Online,Success,157.8,FLAT50%,78.9,78.9
49664679728,724687,Card,Success,377.5,FLAT10%,37.75,339.75
96933646589,585416,Online,Success,288.3,null,,288.3
37888786184,852178,Online,Failed,316.7,15OFF,15,301.7
38647929499,579338,Card,Failed,362.8,FLAT20%,72.56,290.24
32839763352,829193,Card,Success,287.2,15OFF,15,272.2
97477837991,973979,Online,Success,150.6,FLAT20%,30.12,120.48
19133684828,233319,Card,Success,240.5,null,,240.5
65868858829,861432,Card,Success,282.75,FLAT50%,141.38,141.38
13531198488,971697,Card,Success,242,FLAT5%,12.1,229.9
72211169725,838725,Online,Success,272.1,null,,272.1
85718773382,448778,Online,Success,392,FLAT50%,196,196
68249554683,127328,Card,Failed,172.2,FLAT50%,86.1,86.1
94224244285,683192,Card,Success,367.8,20OFF,20,347.8
86378735137,686438,Card,Success,223.5,15OFF,15,208.5
99757635357,271451,Card,Success,382.9,FLAT25%,95.73,287.18
23676456764,375873,Online,Success,311.2,null,,311.2
63246969761,215948,Online,Failed,311.7,20OFF,20,291.7
85585953578,183682,Online,Failed,169.95,FLAT20%,33.99,135.96
57359455293,533791,Online,Success,254.7,15OFF,15,239.7
94552649933,118936,Online,Success,203.55,FLAT10%,20.36,183.2
72114879227,245438,Online,Success,206.5,20OFF,20,186.5
12955837474,799166,Online,Success,284.85,FLAT25%,71.21,213.64
13375833746,487453,Online,Success,336.1,FLAT10%,33.61,302.49
71775462757,674913,Online,Success,164.7,FLAT5%,8.24,156.47
48541935694,672285,Card,Success,296.9,FLAT25%,74.23,222.68
19445861577,573736,Online,Success,280.2,FLAT10%,28.02,252.18
18668725222,127738,Online,Failed,270.3,FLAT50%,135.15,135.15
71542446137,361321,Card,Success,325.2,FLAT50%,162.6,162.6
52813174445,163127,Card,Success,244.35,20OFF,20,224.35
44422264524,514685,Online,Success,253.35,FLAT10%,25.34,228.02
53734257146,767685,Online,Success,236.25,FLAT5%,11.81,224.44
56446792611,647843,Online,Success,234.7,15OFF,15,219.7
24644998165,823739,Card,Success,224.7,FLAT20%,44.94,179.76
25357967786,472391,Card,Success,353.2,FLAT20%,70.64,282.56
65535273685,915123,Card,Success,334.2,15OFF,15,319.2
65618333514,115166,Card,Success,325,FLAT10%,32.5,292.5
46265694211,873995,Online,Success,177.3,20OFF,20,157.3
82955865437,967126,Card,Success,374.5,FLAT5%,18.73,355.78
56947629868,661622,Online,Success,190.5,null,,190.5
52421735674,598936,Card,Failed,171.9,FLAT50%,85.95,85.95
35693559555,488141,Online,Success,256.05,FLAT10%,25.61,230.45
93269369879,144376,Card,Success,230.2,15OFF,15,215.2
72138436923,294449,Card,Success,329.6,FLAT25%,82.4,247.2
75954692935,465325,Online,Success,380,FLAT50%,190,190
11787282658,173716,Online,Success,346.5,FLAT25%,86.63,259.88
22593657628,151843,Card,Success,229.2,null,,229.2
22599494497,365443,Card,Success,235,FLAT5%,11.75,223.25
42857592127,796657,Card,Success,385.7,null,,385.7
51333734112,648883,Card,Success,338.5,FLAT5%,16.93,321.58
39918977122,893134,Online,Success,256.9,FLAT10%,25.69,231.21
95123353666,794173,Online,Success,239.55,FLAT25%,59.89,179.66
83724693571,641127,Online,Success,240.8,20OFF,20,220.8
57512192538,461526,Online,Failed,245.85,FLAT10%,24.59,221.27
37143848632,496341,Online,Success,262.35,FLAT5%,13.12,249.23
93198922961,514489,Card,Success,279.3,15OFF,15,264.3
93468333233,398747,Card,Success,206.3,20OFF,20,186.3
99281686988,162274,Online,Success,155.4,15OFF,15,140.4
95551855989,538344,Online,Success,259,FLAT5%,12.95,246.05
37729426532,666366,Online,Success,309,FLAT10%,30.9,278.1
73424598222,462472,Online,Success,191.55,FLAT10%,19.16,172.4
16235919776,739664,Card,Failed,210.45,FLAT20%,42.09,168.36
92997376776,974173,Online,Success,397.6,FLAT50%,198.8,198.8
81368617741,479529,Card,Success,244.8,null,,244.8
53118965499,491895,Online,Success,379.1,FLAT25%,94.78,284.33
96435837838,625675,Online,Success,274.5,FLAT5%,13.73,260.78
25452649571,932138,Card,Success,369.3,FLAT25%,92.33,276.98
16194868196,528546,Card,Success,279.45,FLAT10%,27.95,251.51
73372699619,796683,Online,Success,275.4,20OFF,20,255.4
73689429676,975834,Card,Success,304.6,20OFF,20,284.6
69172594635,356184,Online,Success,346.7,null,,346.7
92452682236,361222,Card,Success,399.2,20OFF,20,379.2
98349321983,541962,Card,Success,151.2,20OFF,20,131.2
27635955968,134344,Online,Success,333,FLAT20%,66.6,266.4
15658146474,899166,Online,Success,241.5,20OFF,20,221.5
39574558483,758786,Online,Success,240.5,FLAT20%,48.1,192.4
44494366782,721252,Online,Success,320.3,FLAT5%,16.02,304.29
69989361297,525156,Card,Success,372.4,FLAT20%,74.48,297.92
55378621219,511851,Online,Success,237.2,FLAT5%,11.86,225.34
33366146884,744652,Online,Success,178.65,FLAT25%,44.66,133.99
51257682512,487953,Card,Success,354.7,null,,354.7
21348162276,958571,Online,Success,244.35,FLAT10%,24.44,219.92
17794884874,781421,Card,Success,343,FLAT5%,17.15,325.85
36597242685,141446,Online,Success,328.2,FLAT10%,32.82,295.38
73489957687,537626,Card,Failed,307.2,FLAT20%,61.44,245.76
11194491297,999221,Card,Failed,213.45,20OFF,20,193.45
35922585281,973623,Card,Success,222.15,FLAT50%,111.08,111.08
81273213334,451454,Online,Success,292.9,FLAT5%,14.65,278.26
75482949237,489479,Card,Success,257.5,FLAT10%,25.75,231.75
13335487555,116124,Online,Success,259.6,FLAT10%,25.96,233.64
81634653181,748459,Online,Success,206.8,20OFF,20,186.8
84793988567,796661,Online,Failed,296.55,FLAT5%,14.83,281.72
84734942232,587355,Online,Success,204,null,,204
94859934878,719899,Card,Success,235.3,15OFF,15,220.3
56619126561,124218,Online,Success,253.2,FLAT50%,126.6,126.6
23649614887,875763,Card,Success,340.4,20OFF,20,320.4
64919666245,429749,Online,Success,242.3,FLAT20%,48.46,193.84
11218533521,426434,Online,Success,346.9,FLAT5%,17.35,329.56
96992961119,166628,Card,Success,281.1,FLAT50%,140.55,140.55
93384673529,374856,Online,Success,327,FLAT5%,16.35,310.65
63319291183,965469,Online,Success,351.5,null,,351.5
83213811114,772894,Card,Success,164.25,15OFF,15,149.25
85983631521,453484,Card,Success,355.1,FLAT20%,71.02,284.08
11147294923,696674,Card,Success,245.1,FLAT5%,12.26,232.85
64234367844,578349,Card,Success,298.1,FLAT10%,29.81,268.29
89558785221,171627,Online,Success,227.7,FLAT25%,56.93,170.78
38525966321,124554,Online,Success,278.85,FLAT20%,55.77,223.08
15645522833,767534,Online,Success,213.2,20OFF,20,193.2
82367827389,771676,Card,Success,155.7,null,,155.7
74818777597,673695,Online,Success,381.6,FLAT20%,76.32,305.28
36237447886,455528,Online,Success,340.3,20OFF,20,320.3
51734389154,829892,Card,Success,222.1,null,,222.1
99689851363,133975,Online,Success,291.3,null,,291.3
57871728714,211359,Card,Success,383.1,FLAT20%,76.62,306.48
52871926147,331674,Card,Success,399.3,FLAT25%,99.83,299.48
97313947296,373929,Online,Success,174.3,FLAT50%,87.15,87.15
25519813233,764518,Card,Success,303.7,FLAT10%,30.37,273.33
78748921228,432748,Card,Success,216.9,20OFF,20,196.9
77778112455,935745,Online,Success,177.75,15OFF,15,162.75
61246711547,482527,Card,Success,394.7,FLAT20%,78.94,315.76
27141689459,483246,Online,Success,371.8,FLAT10%,37.18,334.62
51356979613,629251,Card,Success,243.4,15OFF,15,228.4
43895395395,996421,Online,Success,164.55,FLAT20%,32.91,131.64
76272499911,339222,Card,Success,317.6,FLAT10%,31.76,285.84
95364635561,147791,Card,Failed,376.5,FLAT50%,188.25,188.25
32776599314,643421,Card,Success,201.9,FLAT50%,100.95,100.95
92326181123,684125,Online,Success,225.6,FLAT25%,56.4,169.2
82162537795,345723,Card,Success,338.7,FLAT20%,67.74,270.96
51774457944,749381,Online,Success,284.5,FLAT50%,142.25,142.25
11612892175,786675,Online,Success,274.9,20OFF,20,254.9
67812157152,169444,Online,Success,265.9,15OFF,15,250.9
23555652987,318517,Card,Success,241.35,FLAT5%,12.07,229.28
67485816524,467416,Online,Success,318.2,null,,318.2
78252137344,967968,Online,Success,281,FLAT10%,28.1,252.9
73683642694,293756,Card,Success,339.1,FLAT10%,33.91,305.19
38726167917,291721,Online,Success,368.3,FLAT10%,36.83,331.47
46982798313,736683,Card,Success,277.8,FLAT5%,13.89,263.91
13298399928,639246,Card,Success,324.1,FLAT50%,162.05,162.05
81592672317,544717,Card,Success,200,FLAT5%,10,190
75742458835,493116,Card,Success,274.2,15OFF,15,259.2
83734892129,121697,Card,Success,308.4,FLAT25%,77.1,231.3
69956323413,749379,Online,Success,275.4,FLAT5%,13.77,261.63
94958887528,211287,Card,Success,319.1,20OFF,20,299.1
67182569924,125963,Online,Success,370.1,FLAT50%,185.05,185.05
45742145834,787238,Card,Success,367.8,FLAT20%,73.56,294.24
37877141238,158272,Card,Success,243.2,FLAT5%,12.16,231.04
87592851158,667811,Online,Success,277.4,FLAT20%,55.48,221.92
12264114821,444525,Online,Success,236.8,FLAT20%,47.36,189.44
12229952531,846273,Online,Success,297.4,FLAT20%,59.48,237.92
32228827394,834833,Card,Success,275.4,15OFF,15,260.4
22935514125,189951,Online,Success,286.6,FLAT5%,14.33,272.27
31258416541,656252,Online,Success,261,15OFF,15,246
95194736415,761161,Online,Success,368.3,FLAT20%,73.66,294.64
98871943293,912194,Online,Success,194.1,15OFF,15,179.1
37439851915,189562,Card,Success,158.85,FLAT10%,15.89,142.97
81342674838,649738,Online,Success,220.4,FLAT10%,22.04,198.36
82228398743,457381,Card,Failed,384.1,FLAT5%,19.21,364.9
28674686819,117453,Card,Success,288.5,FLAT25%,72.13,216.38
57952166717,948559,Online,Failed,252.2,FLAT10%,25.22,226.98
87966656136,933922,Online,Success,171.75,FLAT10%,17.18,154.58
79115525786,181416,Online,Success,362.5,null,,362.5
26588629336,571491,Card,Success,341.7,20OFF,20,321.7
32399188329,121377,Online,Success,379.9,FLAT50%,189.95,189.95
63779325853,466194,Online,Success,253.5,FLAT20%,50.7,202.8
58497939513,846878,Online,Success,278.7,null,,278.7
99386339911,887578,Card,Success,218.3,FLAT20%,43.66,174.64
27591442898,319261,Card,Success,383.7,FLAT25%,95.93,287.78
86679679994,499143,Online,Success,221.6,FLAT20%,44.32,177.28
18573525916,899859,Card,Success,374.7,FLAT5%,18.74,355.97
13139362287,874258,Online,Success,307.5,null,,307.5
83288724637,494386,Card,Success,248,FLAT5%,12.4,235.6
18277393459,373437,Online,Success,235.65,FLAT5%,11.78,223.87
63533497796,324982,Online,Success,258.9,FLAT50%,129.45,129.45
19491633925,214762,Card,Success,252.8,20OFF,20,232.8
26962479918,534693,Card,Success,305.4,15OFF,15,290.4
85431674533,917164,Card,Success,342.2,FLAT50%,171.1,171.1
83657957843,537894,Online,Success,270.3,FLAT50%,135.15,135.15
31996972189,495292,Card,Success,280.4,FLAT10%,28.04,252.36
43922557841,876269,Card,Success,254.55,15OFF,15,239.55
54669445345,583966,Card,Success,265.3,20OFF,20,245.3
27932627859,684932,Card,Failed,152.1,FLAT5%,7.61,144.5
27834811126,675698,Online,Success,209.4,FLAT20%,41.88,167.52
37636474878,556196,Card,Success,197.4,20OFF,20,177.4
59779732672,653841,Card,Success,320.4,FLAT20%,64.08,256.32
77525293197,129585,Card,Success,364.4,FLAT5%,18.22,346.18
62144331288,614495,Online,Success,211.8,FLAT50%,105.9,105.9
56921966325,636248,Online,Success,157.35,FLAT20%,31.47,125.88
92384144356,935915,Card,Success,207.9,20OFF,20,187.9
15741213776,414279,Online,Success,245.4,FLAT5%,12.27,233.13
11479316712,589379,Card,Success,284.4,15OFF,15,269.4
48311769453,818598,Online,Success,372.6,null,,372.6
69297969112,688748,Online,Success,380.4,FLAT25%,95.1,285.3
68513746585,671812,Online,Success,306.2,FLAT10%,30.62,275.58
75719434835,454221,Card,Success,298.9,FLAT5%,14.95,283.96
11827545182,291512,Online,Success,209.85,15OFF,15,194.85
68127827893,116379,Online,Success,331.2,FLAT10%,33.12,298.08
46897228397,265597,Card,Success,230.4,null,,230.4
22844836135,525933,Online,Success,221.1,20OFF,20,201.1
22532648488,879976,Card,Success,327.6,FLAT20%,65.52,262.08
59459285951,183997,Card,Success,220,20OFF,20,200
97149883955,814539,Card,Failed,210.2,null,,210.2
11476446835,136744,Online,Success,368.6,FLAT5%,18.43,350.17
76542182531,747185,Card,Success,269.9,FLAT5%,13.5,256.41
27227412227,654452,Online,Success,297.5,FLAT25%,74.38,223.13
85661971344,964256,Online,Success,382.6,FLAT20%,76.52,306.08
54657122943,287247,Online,Success,285.9,FLAT25%,71.48,214.43
82751721969,883978,Card,Success,237.7,FLAT25%,59.43,178.28
83247847772,513554,Online,Success,154.8,15OFF,15,139.8
76386212686,297174,Online,Success,276.45,null,,276.45
47996874572,586876,Card,Success,350.5,FLAT25%,87.63,262.88
88455335459,437486,Card,Success,211.95,FLAT50%,105.98,105.98
78268349195,134836,Online,Success,297.3,FLAT5%,14.87,282.44
76338349277,245814,Card,Success,263.5,FLAT5%,13.18,250.33
68896667453,915561,Online,Success,326.6,20OFF,20,306.6
53843397667,277632,Online,Success,224.3,FLAT5%,11.22,213.09
53141489359,664148,Card,Success,272.6,null,,272.6
55271711571,191354,Online,Success,273.2,20OFF,20,253.2
26399928477,814255,Card,Success,273.9,FLAT50%,136.95,136.95
86336659765,383111,Card,Success,228.9,FLAT10%,22.89,206.01
38694357861,467755,Online,Failed,320.6,15OFF,15,305.6
55895813592,362986,Card,Success,218.25,20OFF,20,198.25
23575233922,728569,Card,Success,356.6,20OFF,20,336.6
46431343495,646433,Card,Success,263.4,20OFF,20,243.4
52113269331,919695,Online,Success,271.2,null,,271.2
58789979678,822715,Online,Success,287.7,15OFF,15,272.7
82214851331,658432,Card,Success,322.8,15OFF,15,307.8
24786194669,257718,Online,Success,285.45,FLAT5%,14.27,271.18
27223473955,964949,Card,Failed,213.9,15OFF,15,198.9
32753274664,644289,Online,Success,380.7,FLAT20%,76.14,304.56
35848986713,429959,Online,Success,322.5,null,,322.5
77888279866,123725,Online,Success,339.4,15OFF,15,324.4
68368631965,585972,Card,Success,281.6,FLAT20%,56.32,225.28
81263473196,915687,Card,Success,259.5,20OFF,20,239.5
66441312165,591456,Online,Success,383.4,20OFF,20,363.4
95779865166,251276,Online,Success,234.6,FLAT10%,23.46,211.14
31333261391,293626,Online,Success,208.4,FLAT10%,20.84,187.56
82378755868,339468,Online,Success,359.1,FLAT10%,35.91,323.19
36185461186,126235,Online,Success,309.1,FLAT10%,30.91,278.19
77256713173,216765,Online,Success,175.5,FLAT50%,87.75,87.75
33394914446,575989,Online,Success,360.6,FLAT10%,36.06,324.54
66657874597,395857,Online,Success,253.2,FLAT10%,25.32,227.88
61452956932,958767,Card,Success,226.9,FLAT25%,56.73,170.18
87689915582,822568,Online,Success,173.1,FLAT5%,8.66,164.45
67554522438,183314,Card,Success,382,FLAT20%,76.4,305.6
55434753496,535127,Card,Success,257.55,15OFF,15,242.55
81586667616,858256,Online,Success,207.6,FLAT5%,10.38,197.22
25236599748,484484,Card,Success,241.2,FLAT5%,12.06,229.14
66134793716,681354,Online,Success,355,FLAT25%,88.75,266.25
43386427892,815393,Card,Failed,281.1,FLAT25%,70.28,210.83
28334766271,724343,Card,Success,339.2,FLAT20%,67.84,271.36
26527826396,775675,Card,Success,374.1,FLAT20%,74.82,299.28
24762971921,423817,Online,Success,332,FLAT5%,16.6,315.4
56992672123,776242,Card,Success,254.3,FLAT20%,50.86,203.44
11837794313,652292,Card,Success,281.3,FLAT10%,28.13,253.17
11949545649,881534,Card,Success,395.2,15OFF,15,380.2
64873255431,487815,Card,Success,220.8,null,,220.8
75374817269,321599,Online,Success,217.2,FLAT20%,43.44,173.76
81579317943,846315,Online,Failed,227.4,FLAT10%,22.74,204.66
39825725419,953349,Card,Success,384.8,20OFF,20,364.8
69643694951,411476,Card,Success,303.9,FLAT10%,30.39,273.51
53811595188,445755,Online,Success,262.65,null,,262.65
86624654535,498191,Online,Failed,175.65,null,,175.65
68198118317,461257,Online,Success,357.5,FLAT20%,71.5,286
19988748743,361318,Card,Success,386,FLAT20%,77.2,308.8
72496283393,928581,Card,Success,394.3,20OFF,20,374.3
97454265982,499882,Online,Success,304.5,20OFF,20,284.5
18163115249,951624,Online,Success,365.2,20OFF,20,345.2
69331388732,312552,Online,Success,296.8,FLAT50%,148.4,148.4
86532951784,973549,Card,Success,246.8,null,,246.8
79292543641,274982,Card,Success,398.2,FLAT10%,39.82,358.38
28624682858,118637,Card,Success,343.7,15OFF,15,328.7
74217961855,947116,Card,Success,259.5,FLAT20%,51.9,207.6
38116788855,934288,Card,Success,380.9,FLAT20%,76.18,304.72
69576225179,842396,Card,Success,298.7,FLAT25%,74.68,224.03
51744613776,232375,Card,Success,308.2,FLAT50%,154.1,154.1
14247988221,954397,Online,Success,296.55,20OFF,20,276.55
48935288898,883164,Online,Success,283.2,15OFF,15,268.2
18623464214,493842,Online,Success,384.5,15OFF,15,369.5
56826513827,293952,Online,Success,268,FLAT50%,134,134
48557697434,215115,Card,Success,167.4,15OFF,15,152.4
54644896848,828481,Card,Success,263.2,20OFF,20,243.2
81866117289,467257,Online,Success,333.8,FLAT20%,66.76,267.04
91672663433,357157,Online,Success,277.4,FLAT50%,138.7,138.7
74838958982,983817,Card,Success,312.1,FLAT5%,15.61,296.5
33418228572,889955,Online,Success,324.5,FLAT50%,162.25,162.25
81896487417,945856,Online,Success,163.05,FLAT50%,81.53,81.53
49211768492,588327,Online,Success,268.65,FLAT10%,26.87,241.79
75687796432,511836,Online,Success,280.4,FLAT25%,70.1,210.3
83682289761,264713,Online,Success,218.6,FLAT20%,43.72,174.88
25929816426,852444,Online,Success,229.1,FLAT10%,22.91,206.19
66732466481,636567,Online,Failed,308,FLAT5%,15.4,292.6
64613732946,117666,Card,Success,254,20OFF,20,234
31496737672,283553,Card,Success,278.4,FLAT10%,27.84,250.56
99566759819,872883,Card,Success,208,FLAT10%,20.8,187.2
77854478343,474851,Online,Success,235.8,FLAT50%,117.9,117.9
19713163461,146466,Card,Success,267,FLAT10%,26.7,240.3
89575147746,156531,Online,Success,312.9,20OFF,20,292.9
53675175861,852624,Card,Success,242.25,15OFF,15,227.25
34963584728,394775,Card,Success,322.2,null,,322.2
91183338116,394827,Card,Success,277.9,FLAT10%,27.79,250.11
91455361244,856978,Online,Success,284.85,15OFF,15,269.85
27195484957,486559,Online,Success,235.1,null,,235.1
71265126386,127515,Online,Success,216.8,20OFF,20,196.8
38157485968,367917,Card,Success,312.3,20OFF,20,292.3
71913874524,669464,Online,Success,285.9,FLAT50%,142.95,142.95
93195725252,349747,Card,Success,330.6,FLAT10%,33.06,297.54
98983698536,231587,Card,Success,293.4,null,,293.4
84527341489,129521,Card,Success,368.7,FLAT20%,73.74,294.96
33831488253,513647,Online,Success,367.4,FLAT5%,18.37,349.03
75299184567,549896,Card,Success,388.4,FLAT20%,77.68,310.72
61285586358,863127,Online,Success,241.7,FLAT10%,24.17,217.53
53653835876,638777,Card,Success,324.3,FLAT10%,32.43,291.87
85683542561,758978,Online,Success,317.4,FLAT10%,31.74,285.66
52592975625,344492,Card,Failed,377.7,null,,377.7
44652434159,471768,Card,Success,243.45,FLAT5%,12.17,231.28
78466321634,266484,Online,Success,270.6,null,,270.6
59984296695,472384,Card,Success,267.7,20OFF,20,247.7
36589944918,225487,Card,Failed,218.9,15OFF,15,203.9
67484629935,336852,Card,Success,261,FLAT10%,26.1,234.9
52542631533,685821,Online,Success,287.5,FLAT20%,57.5,230
73342367786,783496,Card,Failed,384.6,20OFF,20,364.6
53763543686,797492,Card,Success,254.7,FLAT5%,12.74,241.97
66734561727,679189,Card,Success,316.9,15OFF,15,301.9
88558481893,543471,Card,Success,387.2,null,,387.2
28631311818,847573,Card,Success,214.8,20OFF,20,194.8
36464326121,373386,Online,Success,247.95,null,,247.95
98343646475,884137,Online,Success,273.4,FLAT20%,54.68,218.72
79457286233,428799,Card,Success,272.2,15OFF,15,257.2
52849534518,213566,Card,Success,241.5,null,,241.5
67979354672,672953,Online,Success,212.4,null,,212.4
54553517721,488466,Card,Success,230.5,20OFF,20,210.5
63574951185,911844,Card,Success,264,FLAT25%,66,198
11186436841,961272,Card,Success,248.7,20OFF,20,228.7
65337944163,339394,Online,Success,247.1,20OFF,20,227.1
36844987797,626859,Card,Success,285.9,null,,285.9
55292129322,996897,Online,Success,202.4,FLAT25%,50.6,151.8
16652672424,656975,Online,Success,323.3,FLAT50%,161.65,161.65
43574368426,936663,Card,Failed,284.7,20OFF,20,264.7
21884546478,763747,Card,Success,340.9,20OFF,20,320.9
32273678322,783181,Online,Success,250.35,FLAT25%,62.59,187.76
31614585192,491886,Online,Success,183.6,20OFF,20,163.6
24255312829,116657,Online,Success,248.2,20OFF,20,228.2
38229246468,574257,Card,Success,249.5,FLAT25%,62.38,187.13
38261688843,975742,Card,Success,215.25,FLAT50%,107.63,107.63
12121288857,142517,Online,Success,203.1,FLAT50%,101.55,101.55
55356164178,131391,Card,Success,155.85,FLAT20%,31.17,124.68
34777424725,753157,Card,Failed,337.1,20OFF,20,317.1
92318558579,864825,Online,Success,360.7,FLAT20%,72.14,288.56
68535173676,912168,Online,Failed,212.2,20OFF,20,192.2
48193486379,559477,Online,Success,288.15,null,,288.15
78721378656,768864,Card,Success,184.95,null,,184.95
55721721754,547361,Card,Success,398.9,FLAT50%,199.45,199.45
49983989311,145672,Card,Success,268.1,null,,268.1
25451864165,697813,Card,Success,237.1,20OFF,20,217.1
19785337837,495113,Online,Success,274.65,FLAT5%,13.73,260.92
31688839123,593179,Online,Success,364.1,null,,364.1
73547858826,497971,Online,Success,276.4,FLAT10%,27.64,248.76
62768651799,991165,Online,Success,374.4,FLAT20%,74.88,299.52
39262317774,291682,Card,Success,292.8,15OFF,15,277.8
67424411852,914799,Online,Success,258.7,FLAT20%,51.74,206.96
81993388868,775184,Card,Success,224.9,FLAT25%,56.23,168.68
39678369875,958595,Card,Success,355,FLAT5%,17.75,337.25
49818721217,331217,Online,Success,205.5,15OFF,15,190.5
11117316595,534398,Online,Success,181.5,20OFF,20,161.5
65594851494,938872,Card,Success,174.75,FLAT20%,34.95,139.8
86519276372,991917,Online,Success,244.9,15OFF,15,229.9
78678934222,246573,Card,Success,235.1,null,,235.1
49975397318,198647,Online,Success,176.85,FLAT10%,17.69,159.17
39665717414,475737,Card,Success,359.4,FLAT20%,71.88,287.52
81341357842,998596,Card,Success,399.6,15OFF,15,384.6
93275237485,281952,Card,Success,264.8,FLAT20%,52.96,211.84
79114737892,599785,Online,Failed,255.4,FLAT20%,51.08,204.32
41248477258,377977,Card,Success,251.7,FLAT50%,125.85,125.85
74543225737,729554,Card,Success,366.2,FLAT50%,183.1,183.1
21542227727,449758,Online,Success,202.65,FLAT25%,50.66,151.99
52195524933,455322,Card,Success,226.95,15OFF,15,211.95
15391863113,361962,Card,Success,252.9,FLAT25%,63.23,189.68
65778568918,846492,Card,Success,270.3,FLAT50%,135.15,135.15
96394123458,641716,Online,Success,258.7,FLAT5%,12.94,245.77
21458667143,772793,Card,Success,237.4,null,,237.4
33974168274,574158,Online,Success,380.9,15OFF,15,365.9
98536696345,517461,Online,Success,387.7,15OFF,15,372.7
37746814121,841534,Online,Success,246.6,15OFF,15,231.6
64143498435,455141,Online,Success,297.3,FLAT25%,74.33,222.98
27259768178,569192,Online,Success,255.5,FLAT10%,25.55,229.95
51329473716,257436,Online,Success,361.6,20OFF,20,341.6
27643477168,313286,Card,Success,166.35,FLAT50%,83.18,83.18
18766111864,389938,Card,Success,209.85,20OFF,20,189.85
76462241518,993551,Online,Failed,205.65,FLAT25%,51.41,154.24
71116377816,419961,Card,Success,294.2,null,,294.2
33967379848,856727,Online,Success,371.1,FLAT5%,18.56,352.55
91581573449,913248,Online,Success,195,FLAT25%,48.75,146.25
42211599431,148725,Card,Success,271.8,FLAT25%,67.95,203.85
68273635124,893642,Online,Success,202.4,FLAT20%,40.48,161.92
51646316563,263617,Card,Success,370.8,20OFF,20,350.8
21522173142,523446,Card,Success,296.6,FLAT20%,59.32,237.28
49674424395,571499,Online,Success,312.7,20OFF,20,292.7
39912696559,865215,Card,Success,268.65,null,,268.65
88648258815,773329,Card,Success,246.9,null,,246.9
84113138124,544997,Card,Success,291,FLAT50%,145.5,145.5
94813552927,127964,Card,Success,244.65,FLAT50%,122.33,122.33
12932332583,526568,Online,Success,287.7,FLAT5%,14.39,273.32
28571568423,918276,Online,Success,283.8,FLAT5%,14.19,269.61
64412967796,481278,Online,Failed,236.85,15OFF,15,221.85
56821229319,148997,Online,Success,354.7,FLAT10%,35.47,319.23
14332442561,295986,Card,Failed,199.05,FLAT25%,49.76,149.29
89528345655,275742,Online,Success,336.8,FLAT50%,168.4,168.4
72179413941,713778,Card,Success,277.1,20OFF,20,257.1
12256569565,754538,Card,Success,368.7,FLAT20%,73.74,294.96
55557819368,625391,Card,Success,366.1,15OFF,15,351.1
65345357984,731462,Online,Success,279,FLAT5%,13.95,265.05
72929332629,745696,Online,Success,245.85,FLAT10%,24.59,221.27
97987141122,478116,Online,Success,196.95,FLAT50%,98.48,98.48
94599539527,338125,Online,Failed,225.75,FLAT25%,56.44,169.31
88277264229,875665,Card,Success,231.3,FLAT50%,115.65,115.65
22463539619,537399,Online,Success,368.7,FLAT50%,184.35,184.35
19661477183,943456,Online,Success,262.2,FLAT5%,13.11,249.09
62783297772,651224,Online,Success,391.6,FLAT5%,19.58,372.02
75849797185,671533,Card,Success,397.9,FLAT20%,79.58,318.32
44395223945,665685,Card,Failed,153.6,null,,153.6
83126363483,868146,Online,Success,393.4,FLAT25%,98.35,295.05
78386841578,995331,Online,Success,251.1,FLAT10%,25.11,225.99
28774522478,898784,Card,Success,197.7,FLAT5%,9.89,187.82
17937428166,343578,Card,Success,319.1,FLAT50%,159.55,159.55
34138313662,124493,Online,Success,294.7,FLAT5%,14.74,279.97
65918859923,394625,Online,Success,369.1,FLAT50%,184.55,184.55
99381221397,156291,Card,Failed,256.2,FLAT25%,64.05,192.15
66444558755,859547,Online,Success,357.6,15OFF,15,342.6
39137328779,249636,Card,Success,374.6,20OFF,20,354.6
94583913285,443154,Card,Success,363.9,FLAT10%,36.39,327.51
71619951165,491541,Card,Success,276.1,null,,276.1
66876737532,213918,Card,Success,290.5,FLAT20%,58.1,232.4
48328352399,873317,Online,Success,217.9,20OFF,20,197.9
44248991615,697219,Card,Success,292.9,15OFF,15,277.9
27915918698,678781,Card,Success,298.5,15OFF,15,283.5
27475111343,922514,Online,Success,285.45,FLAT50%,142.73,142.73
74577427216,261247,Card,Success,262.5,null,,262.5
89388132795,883999,Online,Success,326.4,15OFF,15,311.4
73785431763,142814,Card,Success,199.65,20OFF,20,179.65
48738125236,436999,Online,Success,329.7,FLAT50%,164.85,164.85
74357257247,588988,Online,Success,183,FLAT10%,18.3,164.7
33459618745,861847,Card,Success,379.4,FLAT10%,37.94,341.46
61728364463,279933,Online,Success,355.1,20OFF,20,335.1
97245397419,311179,Online,Success,217,null,,217
62134964739,454627,Online,Success,278.2,FLAT25%,69.55,208.65
63652585627,286689,Card,Success,205.1,FLAT20%,41.02,164.08
39136341478,626972,Card,Failed,380.3,20OFF,20,360.3
98139836749,537266,Card,Success,173.25,FLAT25%,43.31,129.94
72856658477,432345,Online,Success,268.7,FLAT5%,13.44,255.27
33129337976,846565,Online,Success,390.1,FLAT50%,195.05,195.05
27444399285,438315,Online,Success,258,null,,258
19277464725,977547,Card,Success,305.6,FLAT5%,15.28,290.32
13237687678,771238,Card,Success,366.4,20OFF,20,346.4
31496849263,746782,Card,Success,227.55,FLAT20%,45.51,182.04
59781126663,268398,Card,Success,251.55,FLAT20%,50.31,201.24
37759818828,758892,Card,Success,212.7,null,,212.7
56373573115,528259,Online,Success,285.6,FLAT25%,71.4,214.2
13636277727,268277,Card,Success,265.65,null,,265.65
28633149628,691162,Online,Success,297.3,FLAT20%,59.46,237.84
82478718566,953347,Online,Success,167.4,FLAT5%,8.37,159.03
